Outcome,ATT,Mentee_CI_lo,Mentee_CI_hi,Mentee_Sig,Mentor_CI_lo,Mentor_CI_hi,Mentor_Sig
1+_mainspace_edit_14d,0.016505247812403104,0.0055290197243339995,0.02748124689871054,*,0.005371548961647499,0.02741827525171749,*
n_mainspace_edits_14d,0.5321668135478673,-0.34259202213904333,1.3304273937194213,,-0.3181624769390052,1.3332677138459212,
active_days_30d,0.08487314144280274,-0.004612407483370876,0.18009623487640591,,-0.007524953816561961,0.1754545255197627,
unique_namespace_14d,0.02493300938533347,0.004831280024949947,0.044306102277361564,*,0.003195795858331186,0.04750937094085484,*
reverted_any_14d,0.005355861309093116,-0.0021581745388772507,0.012690665740570435,,-0.0036556859773560118,0.014180926815436175,
2+_active_days_14d,0.014633918814010832,0.006505660529879972,0.022258839030306548,*,0.0065877512040757496,0.023335125792601684,*
