Range,Trimmed,N_remain,ATT,CI_lo,CI_hi,Sig
"[0.01,0.99]",11,35370,0.017141837779765325,0.0072665269470663305,0.028170354635585607,*
"[0.05,0.95]",22,35359,0.01734490480157556,0.008082762577169264,0.027675120130956386,*
"[0.1,0.9]",172,35209,0.017899027803886008,0.007424321940105923,0.028142544367271153,*
"[0.15,0.85]",2523,32858,0.016854322667452508,0.006914483772310338,0.028529717186206924,*
