window,ATT,CI_lo,CI_hi,Sig
7,0.01455227043149438,0.004309067315159983,0.02306376823399056,*
14,0.016505247812403104,0.005851401544198193,0.027091321454619295,*
21,0.017328310955930595,0.006672694768997956,0.027846712252619015,*
28,0.01652655233576801,0.005457422736021911,0.026981071516189573,*
30,0.015660604979183715,0.004581507999820154,0.025806290526464798,*
60,0.015752482037153466,0.004844940169815495,0.025929872452347066,*
180,0.0159518770573727,0.0043626995290475135,0.027950890045227734,*
